iso_code,lastdate,location,total_cases,total_deaths,total_cases_pm,total_deaths_pm,population,pop_density,median_age,gdp_per_capita,hosp_beds,vac_per_hund,aged_65_older,life_expectancy,hum_dev_ind,region
AFG,2/4/2024,Afghanistan,231539,7982,5629.611,194.073,41128772,54.422,18.6,1803.987,0.5,,2.581,64.83,0.511,South Asia
ALB,1/28/2024,Albania,334863,3605,117813.348,1268.331,2842318,104.871,38,11803.431,2.89,,13.188,78.57,0.795,Eastern Europe
DZA,12/3/2023,Algeria,272010,6881,6057.694,153.241,44903228,17.348,29.1,13913.839,1.9,,6.211,76.88,0.748,North Africa
ASM,9/17/2023,American Samoa,8359,34,188712.044,767.581,44295,278.205,,,,,,73.74,,Oceania / Aus
AND,5/7/2023,Andorra,48015,159,601367.684,1991.408,79843,163.755,,,,,,83.73,0.868,Western Europe
AGO,1/28/2024,Angola,107084,1937,3008.908,54.427,35588996,23.89,16.8,5819.495,,,2.405,61.15,0.581,Central Africa
AIA,12/4/2022,Anguilla,3904,12,245890.282,755.81,15877,,,,,,,81.88,,Western Europe
ATG,10/9/2022,Antigua and Barbuda,9106,146,97107.879,1556.968,93772,231.845,32.1,21490.943,3.8,,6.933,77.02,0.778,Caribbean
ARG,1/28/2024,Argentina,10094643,130733,221809.957,2872.601,45510324,16.177,31.9,18933.907,5,,11.198,76.67,0.845,South America
ARM,12/17/2023,Armenia,451426,8775,162355.888,3155.939,2780472,102.931,35.7,8787.58,4.2,,11.232,75.09,0.776,Central Asia
ABW,7/2/2023,Aruba,44224,292,415408.749,2742.84,106459,584.8,41.2,35973.781,,,13.085,76.29,,Caribbean
AUS,2/4/2024,Australia,11769858,24566,449618.889,938.443,26177410,3.202,37.9,44648.71,3.84,,15.504,83.44,0.944,Oceania / Aus
AUT,7/2/2023,Austria,6081287,22534,680262.588,2520.69,8939617,106.749,44.4,45436.686,7.37,,19.202,81.54,0.922,Western Europe
AZE,1/28/2024,Azerbaijan,834470,10353,80562.243,999.51,10358078,119.309,32.4,15847.419,4.7,,6.018,73,0.756,Central Asia
BHS,4/23/2023,Bahamas,38084,844,92890.297,2058.592,409989,39.497,34.3,27717.847,2.9,,8.996,73.92,0.814,West Asia
BHR,12/4/2022,Bahrain,696614,1536,473167.024,1043.31,1472237,1935.907,32.4,43290.705,2,,2.372,77.29,0.852,South Asia
BGD,2/4/2024,Bangladesh,2047297,29482,11959.463,172.222,171186368,1265.036,27.5,3523.984,0.8,211.28,5.098,72.59,0.632,South Asia
BRB,1/28/2024,Barbados,110375,593,391892.66,2105.48,281646,664.463,39.8,16978.068,5.8,,14.952,79.19,0.814,Caribbean
BLR,7/3/2022,Belarus,994037,7118,104251.871,746.516,9534956,46.858,40.3,17167.967,11,,14.799,74.79,0.823,Eastern Europe
BEL,1/28/2024,Belgium,4855952,34339,416608.106,2946.056,11655923,375.564,41.8,42658.576,5.64,269.97,18.571,81.63,0.931,Western Europe
BLZ,1/28/2024,Belize,71381,688,176125.443,1697.571,405285,16.426,25,7824.362,1.3,,3.853,74.62,0.716,Central America
BEN,9/24/2023,Benin,28036,163,2099.624,12.207,13352864,99.11,18.8,2064.236,0.5,,3.244,61.77,0.545,West Africa
BMU,4/9/2023,Bermuda,18860,165,293737.443,2569.813,64207,1308.82,,50669.315,,,,82.59,,Caribbean
BTN,8/27/2023,Bhutan,62697,21,80128.365,26.839,782457,21.188,28.6,8708.597,1.7,,4.885,71.78,0.654,South Asia
BOL,12/31/2023,Bolivia,1211716,22385,99125.057,1831.217,12224114,10.202,25.4,6885.829,1.1,,6.704,71.51,0.718,South America
BES,7/9/2023,Bonaire Sint Eustatius and Saba,11922,41,440706.787,1515.6,27052,,,,,,,77.79,,Caribbean
BIH,1/28/2024,Bosnia and Herzegovina,403565,16382,124806.326,5066.29,3233530,68.496,42.5,11713.895,3.5,,16.569,77.4,0.78,Eastern Europe
BWA,12/17/2023,Botswana,330417,2800,125619.511,1064.517,2630300,4.044,25.8,15807.374,1.8,,3.941,69.59,0.735,Southern Africa
BRA,10/1/2023,Brazil,37519960,702116,174257.347,3260.901,215313504,25.04,33.5,14103.452,2.2,,8.552,75.88,0.765,South America
VGB,10/15/2023,British Virgin Islands,7392,64,235924.933,2042.64,31332,207.973,,,,,,79.07,,Caribbean
BRN,2/4/2024,Brunei,342802,178,763475.441,396.435,449002,81.347,32.4,71809.251,2.7,,4.591,75.86,0.838,East Asia
BGR,1/28/2024,Bulgaria,1327689,38681,195767.887,5703.518,6781955,65.18,44.7,18563.307,7.454,69.68,20.801,75.05,0.816,Eastern Europe
BFA,12/17/2023,Burkina Faso,22109,400,,,22673764,70.151,17.6,1703.102,0.4,,2.409,61.58,0.452,West Africa
BDI,1/21/2024,Burundi,54546,15,4231.789,1.164,12889583,423.062,17.5,702.225,0.8,,2.562,61.58,0.433,Central Africa
KHM,2/4/2024,Cambodia,139085,3056,8294.742,182.254,16767851,90.672,25.6,3645.07,0.8,,4.412,69.82,0.594,East Asia
CMR,12/10/2023,Cameroon,125137,1974,4482.861,70.716,27914542,50.885,18.8,3364.926,1.3,,3.165,59.29,0.563,Central Africa
CAN,2/4/2024,Canada,4774222,54127,124153.047,1407.566,38454328,4.037,41.4,44017.591,2.5,266.11,16.984,82.43,0.929,North America
CPV,10/29/2023,Cape Verde,64474,417,108695.432,703.012,593162,135.58,25.7,6222.554,2.1,,4.46,72.98,0.665,West Africa
CYM,12/18/2022,Cayman Islands,31472,37,457961.061,538.401,68722,256.496,,49903.029,,,,83.92,,Caribbean
CAF,12/3/2023,Central African Republic,15440,113,2767.448,20.254,5579148,7.479,18.3,661.24,1,,3.655,53.28,0.397,Central Africa
TCD,4/30/2023,Chad,7698,194,434.343,10.946,17723312,11.833,16.7,1768.153,,,2.486,54.24,0.398,Central Africa
CHL,1/28/2024,Chile,5345008,62288,272652.519,3177.354,19603736,24.282,35.4,22767.037,2.11,,11.087,80.18,0.851,South America
CHN,2/4/2024,China,99329249,121933,69661.357,85.514,1425887360,147.674,38.7,15308.712,4.34,,10.641,76.91,0.761,East Asia
COL,1/28/2024,Colombia,6393550,142727,123251.466,2751.415,51874028,44.223,32.2,13254.949,1.71,,7.646,77.29,0.767,South America
COM,4/30/2023,Comoros,9109,160,10885.737,191.208,836783,437.352,20.4,1413.89,2.2,,2.963,64.32,0.554,East Africa
COG,11/5/2023,Congo,25213,389,4222.979,65.154,5970430,15.405,19,4881.406,,,3.402,64.57,0.574,Central Africa
COK,12/24/2023,Cook Islands,7203,2,422909.817,117.426,17032,,,,,,,76.25,,Oceania / Aus
CRI,8/6/2023,Costa Rica,1230653,9368,237539.463,1808.202,5180836,96.079,33.6,15524.995,1.13,,9.468,80.28,0.81,Central America
CIV,12/17/2023,Cote d'Ivoire,88384,835,3138.575,29.651,28160548,76.399,18.7,3601.006,,,2.933,57.78,0.538,West Africa
HRV,12/31/2023,Croatia,1309728,18687,324965.431,4636.557,4030361,73.726,44,22669.797,5.54,,19.724,78.49,0.851,Eastern Europe
CUB,8/13/2023,Cuba,1115043,8530,99449.1,760.779,11212198,110.408,43.1,,5.2,406.39,14.738,78.8,0.783,Caribbean
CUW,7/2/2023,Curacao,45883,305,240007.742,1595.414,191173,362.644,41.7,,,,16.367,78.88,,Caribbean
CYP,1/7/2024,Cyprus,681110,1365,760161.472,1523.426,896007,127.657,37.3,32415.132,3.4,,13.416,80.98,0.887,Eastern Europe
CZE,1/28/2024,Czechia,4756085,43478,453219.891,4143.133,10493990,137.176,43.3,32605.906,6.63,,19.027,79.38,0.9,Western Europe
COD,12/17/2023,Democratic Republic of Congo,99338,1468,1003.311,14.827,99010216,35.879,17,808.133,,,3.02,60.68,0.48,Central Africa
DNK,1/7/2024,Denmark,3433033,9436,583624.93,1604.146,5882259,136.52,42.3,46682.515,2.5,,19.677,80.9,0.94,Western Europe
DJI,6/12/2022,Djibouti,15690,189,13998.292,168.622,1120851,41.285,25.4,2705.406,1.4,,4.213,67.11,0.524,East Africa
DMA,11/19/2023,Dominica,16038,74,220429.369,1017.07,72758,98.567,,9673.367,3.8,,,75,0.742,Caribbean
DOM,11/26/2023,Dominican Republic,661180,4384,58882.406,390.424,11228821,222.873,27.6,14600.861,1.6,,6.981,74.08,0.756,Caribbean
ECU,11/5/2023,Ecuador,1062896,36019,59046.491,2000.944,18001002,66.939,28.1,10581.936,1.5,,7.104,77.01,0.759,South America
EGY,4/30/2023,Egypt,516023,24830,4649.271,223.714,110990096,97.999,25.3,10550.206,1.6,,5.159,71.99,0.707,North Africa
SLV,1/28/2024,El Salvador,201853,4230,31856.136,667.572,6336393,307.811,27.6,7292.458,1.3,,8.273,73.32,0.673,Central America
GNQ,2/19/2023,Equatorial Guinea,17130,183,10227.379,109.259,1674916,45.194,22.4,22604.873,2.1,,2.846,58.74,0.592,Central Africa
ERI,11/6/2022,Eritrea,10189,103,2765.713,27.958,3684041,44.304,19.3,1510.459,0.7,,3.607,66.32,0.459,East Africa
EST,1/21/2024,Estonia,609520,2986,459645.99,2251.777,1326064,31.033,42.7,29481.252,4.69,163.59,19.452,78.74,0.892,Eastern Europe
SWZ,12/24/2023,Eswatini,75191,1427,62571.566,1187.504,1201680,79.492,21.5,7738.975,2.1,,3.163,60.19,0.611,Southern Africa
ETH,12/3/2023,Ethiopia,501117,7574,4061.576,61.388,123379928,104.957,19.8,1729.927,0.3,,3.526,66.6,0.485,East Africa
FRO,3/6/2022,Faeroe Islands,34658,28,652484.139,527.138,53117,35.308,,,,,,80.67,,Western Europe
FLK,10/2/2022,Falkland Islands,1923,0,505919.495,0,3801,,,,,,,81.44,,South America
FJI,10/22/2023,Fiji,69047,885,74262.532,951.849,929769,49.562,28.6,8702.975,2.3,,6.224,67.44,0.743,Oceania / Aus
FIN,11/12/2023,Finland,1499712,11219,270669.738,2024.818,5540745,18.136,42.8,40585.721,3.28,,21.228,81.91,0.938,Western Europe
FRA,6/25/2023,France,38997490,167985,603427.621,2599.316,67813000,122.578,42,38605.671,5.98,227.81,19.718,82.66,0.901,Western Europe
GUF,2/5/2023,French Guiana,98041,413,321901.841,1356.019,304568,,25.3,,,,,79.95,,South America
PYF,1/7/2024,French Polynesia,79254,650,258753.085,2122.158,306292,77.324,32.7,,,,7.775,77.66,,Oceania / Aus
GAB,12/10/2023,Gabon,49051,307,20532.048,128.506,2388997,7.859,23.1,16562.413,6.3,,4.45,66.47,0.703,Central Africa
GMB,4/16/2023,Gambia,12626,372,4665.936,137.473,2705995,207.566,17.5,1561.767,1.1,,2.339,62.05,0.496,West Africa
GEO,8/27/2023,Georgia,1855289,17132,495485.64,4575.384,3744385,65.032,38.7,9745.079,2.6,,14.864,73.77,0.812,West Asia
DEU,7/2/2023,Germany,38437756,174979,461051.095,2098.829,83369840,237.016,46.6,45229.245,8,,21.453,81.33,0.947,Western Europe
GHA,12/3/2023,Ghana,171834,1462,5133.07,43.673,33475870,126.719,21.1,4227.63,0.9,,3.385,64.07,0.611,West Africa
GIB,4/9/2023,Gibraltar,20550,113,628882.7,3458.09,32677,3457.1,,,,,,79.93,,Western Europe
GRC,1/28/2024,Greece,5611832,38806,540380.08,3736.746,10384972,83.479,45.3,24574.382,4.21,215.99,20.396,82.24,0.888,Eastern Europe
GRL,3/27/2022,Greenland,11971,21,211898.609,371.721,56494,0.137,,,,,,71.7,,Western Europe
GRD,4/23/2023,Grenada,19693,238,156967.615,1897.034,125459,317.132,29.4,13593.877,3.7,,7.304,72.4,0.779,Caribbean
GLP,6/25/2023,Guadeloupe,203235,1021,513528.333,2579.833,395762,,43.4,,,,,82.14,,Caribbean
GUM,12/31/2023,Guam,52287,419,304378.198,2439.124,171783,304.128,31.4,,,,9.551,80.07,,Oceania / Aus
GTM,1/28/2024,Guatemala,1250319,20201,70069.773,1132.095,17843914,157.834,22.9,7423.808,0.6,,4.694,74.3,0.663,Central America
GGY,4/16/2023,Guernsey,35326,67,557817.114,1057.967,63329,,,,,,,,,Western Europe
GIN,11/5/2023,Guinea,38572,468,2783.103,33.768,13859349,51.755,19,1998.926,0.3,,3.135,61.6,0.477,West Africa
GNB,4/16/2023,Guinea-Bissau,9614,177,4565.963,84.062,2105580,66.191,19.4,1548.675,,38.47,3.002,58.32,0.48,West Africa
GUY,12/31/2023,Guyana,74129,1300,91661.339,1607.465,808727,3.952,26.3,7435.047,1.6,,5.305,69.91,0.682,South America
HTI,12/3/2023,Haiti,34509,860,2978.765,74.234,11585003,398.448,24.3,1653.173,0.7,,4.8,64,0.51,Caribbean
HND,1/21/2024,Honduras,472755,11114,45314.045,1065.288,10432858,82.805,24.9,4541.795,0.7,,4.652,75.27,0.634,Central America
HUN,1/28/2024,Hungary,2229538,49022,223685.161,4918.281,9967304,108.043,43.4,26777.561,7.02,,18.577,76.88,0.854,Eastern Europe
ISL,1/28/2024,Iceland,209878,186,562821.967,498.789,372903,3.404,37.3,46482.958,2.91,,14.431,82.99,0.949,Western Europe
IND,2/4/2024,India,45026139,533454,31771.799,376.421,1417173120,450.419,28.2,6426.674,0.53,155.72,5.989,69.66,0.645,South Asia
IDN,2/4/2024,Indonesia,6828268,162054,24784.881,588.215,275501344,145.725,29.3,11188.744,1.04,,5.319,71.72,0.718,East Asia
IRN,2/4/2024,Iran,7626527,146799,86126.235,1657.799,88550568,49.831,32.4,19082.62,1.5,,5.44,76.68,0.783,West Asia
IRQ,1/1/2023,Iraq,2465545,25375,55410.332,570.274,44496124,88.125,20,15663.986,1.4,,3.186,70.6,0.674,West Asia
IRL,1/28/2024,Ireland,1732675,9450,344940.821,1881.305,5023108,69.874,38.7,67335.293,2.96,221.89,13.928,82.3,0.955,Western Europe
IMN,8/28/2022,Isle of Man,38008,116,449617.905,1372.229,84534,147.872,,,,,,81.4,,Western Europe
ISR,10/29/2023,Israel,4841558,12707,512388.401,1344.798,9449000,402.606,30.6,33132.32,2.99,,11.733,82.97,0.919,West Asia
ITA,1/28/2024,Italy,26699442,195996,452245.686,3319.858,59037472,205.859,47.9,35220.084,3.18,,23.021,83.51,0.892,Western Europe
JAM,1/28/2024,Jamaica,156704,3591,55423.71,1270.08,2827382,266.879,31.4,8193.571,1.7,,9.684,74.47,0.734,Caribbean
JPN,5/14/2023,Japan,33803572,74694,272715.688,602.606,123951696,347.778,48.2,39002.223,13.05,,27.049,84.63,0.919,East Asia
JEY,2/5/2023,Jersey,66391,161,599218.383,1453.121,110796,,,,,,,,,Western Europe
JOR,9/25/2022,Jordan,1746997,14122,154794.998,1251.299,11285875,109.285,23.2,8337.49,1.4,,3.81,74.53,0.729,West Asia
KAZ,12/31/2023,Kazakhstan,1503205,19072,77492.791,983.194,19397998,6.681,30.6,24055.588,6.7,,6.991,73.6,0.825,Central Asia
KEN,11/5/2023,Kenya,344094,5689,6368.87,105.298,54027484,87.324,20,2993.028,1.4,,2.686,66.7,0.601,East Africa
KIR,8/13/2023,Kiribati,5085,24,38746.695,182.875,131237,143.701,23.2,1981.132,1.9,,3.895,68.37,0.63,Oceania / Aus
KWT,2/4/2024,Kuwait,667026,2570,156252.943,602.031,4268886,232.128,33.7,65530.537,2,,2.345,75.49,0.806,West Asia
KGZ,1/21/2024,Kyrgyzstan,88953,1024,13415.486,154.435,6630621,32.333,26.3,3393.474,4.5,,4.489,71.45,0.697,Central Asia
LAO,2/4/2024,Laos,218917,671,29074.662,89.116,7529477,29.715,24.4,6397.36,1.5,,4.029,67.92,0.613,East Asia
LVA,11/26/2023,Latvia,977701,7465,528300.266,4033.709,1850654,31.212,43.9,25063.846,5.57,,19.754,75.29,0.866,Eastern Europe
LBN,8/20/2023,Lebanon,1239904,10947,225858.255,1994.082,5489744,594.561,31.1,13367.565,2.9,,8.514,78.93,0.744,West Asia
LSO,12/17/2023,Lesotho,36135,709,15671.174,307.482,2305826,73.562,22.2,2851.153,,,4.506,54.33,0.527,Southern Africa
LBR,2/19/2023,Liberia,8090,294,1525.641,55.444,5302690,49.127,19.2,752.788,0.8,,3.057,64.1,0.48,West Africa
LBY,9/3/2023,Libya,507269,6437,74463.21,944.902,6812344,3.623,29,17881.509,3.7,,4.424,72.91,0.724,North Africa
LIE,1/21/2024,Liechtenstein,21571,89,548113.327,2261.466,39355,237.012,,,2.397,,,82.49,0.919,Western Europe
LTU,1/28/2024,Lithuania,1361865,9788,495213.192,3559.198,2750058,45.135,43.5,29524.265,6.56,,19.002,75.93,0.882,Eastern Europe
LUX,1/28/2024,Luxembourg,390788,1000,603439.463,1544.161,647601,231.447,39.7,94277.965,4.51,,14.312,82.25,0.916,Western Europe
MDG,1/7/2024,Madagascar,68475,1426,2312.429,48.157,29611718,43.951,19.6,1416.44,0.2,,2.929,67.04,0.528,East Africa
MWI,12/10/2023,Malawi,89168,2686,4369.841,131.632,20405318,197.519,18.1,1095.042,1.3,,2.979,64.26,0.483,Southern Africa
MYS,1/28/2024,Malaysia,5269967,37340,155281.203,1100.235,33938216,96.254,29.9,26808.164,1.9,214.07,6.293,76.16,0.81,East Asia
MDV,8/6/2023,Maldives,186694,316,356423.66,603.286,523798,1454.433,30.6,15183.616,,,4.12,78.92,0.74,South Asia
MLI,12/17/2023,Mali,33164,743,1467.849,32.885,22593598,15.196,16.4,2014.306,0.1,,2.519,59.31,0.434,West Africa
MLT,1/21/2024,Malta,121283,900,227422.824,1687.628,533293,1454.037,42.4,36513.323,4.485,,19.426,82.53,0.895,Western Europe
MHL,10/8/2023,Marshall Islands,16138,17,387997.98,408.723,41593,295.15,,3819.202,2.7,,,73.7,0.704,Oceania / Aus
MTQ,6/25/2023,Martinique,230354,1104,626793.139,3003.984,367512,,45.7,,,,,82.54,,Caribbean
MRT,1/28/2024,Mauritania,63809,997,13472.769,210.509,4736146,4.289,20.3,3597.633,,,3.138,64.92,0.546,West Africa
MUS,1/21/2024,Mauritius,324332,1066,249586.372,820.329,1299478,622.962,37.4,20292.745,3.4,,10.945,74.99,0.804,East Africa
MYT,4/16/2023,Mayotte,42027,187,128872.507,573.421,326113,,20.1,,,,,79.46,,East Africa
MEX,12/31/2023,Mexico,7702809,334958,60412.236,2627.037,127504120,66.444,29.3,17336.469,1.38,,6.857,75.05,0.779,North America
FSM,9/17/2023,Micronesia (country),26547,65,232505.386,569.287,114178,150.777,23,3299.464,,,4.81,67.88,0.62,Oceania / Aus
MDA,1/28/2024,Moldova,633670,12197,193605.669,3726.559,3272993,123.655,37.6,5189.972,5.8,,10.864,71.9,0.75,Eastern Europe
MCO,11/26/2023,Monaco,17181,67,470828.423,1836.069,36491,19347.5,,,13.8,,,86.75,,Western Europe
MNG,2/4/2024,Mongolia,1011456,2284,297629.483,672.086,3398373,1.98,28.6,11840.846,7,,4.031,69.87,0.737,East Asia
MNE,6/4/2023,Montenegro,251280,2654,400713.144,4232.301,627082,46.28,39.1,16409.288,3.861,,14.762,76.88,0.829,Eastern Europe
MSR,10/2/2022,Montserrat,1403,8,317924.315,1812.826,4413,,,,,,,74.16,,Caribbean
MAR,2/4/2024,Morocco,1278844,16301,34140.766,435.181,37457976,80.08,29.6,7485.013,1.1,,6.769,76.68,0.686,North Africa
MOZ,12/10/2023,Mozambique,233731,2250,7089.306,68.245,32969520,37.728,17.7,1136.103,0.7,,3.158,60.85,0.456,Southern Africa
MMR,2/4/2024,Myanmar,641730,19494,11844.558,359.805,54179312,81.721,29.1,5591.597,0.9,,5.732,67.13,0.583,East Asia
NAM,1/28/2024,Namibia,172264,4103,67106.502,1598.349,2567024,3.078,22,9541.808,,,3.552,63.71,0.646,Southern Africa
NRU,3/19/2023,Nauru,5393,1,424946.813,78.796,12691,682.45,,12895.635,5,,,59.96,,Oceania / Aus
NPL,10/22/2023,Nepal,1003450,12031,32848.749,393.845,30547586,204.43,25,2442.804,0.3,,5.809,70.78,0.602,South Asia
NLD,1/28/2024,Netherlands,8633769,22986,491559.962,1308.698,17564020,508.544,43.2,48472.545,3.32,,18.779,82.28,0.944,Western Europe
NCL,6/4/2023,New Caledonia,80064,314,276121.797,1082.912,289959,15.342,33.4,,,,9.954,77.55,,Oceania / Aus
NZL,2/4/2024,New Zealand,2475546,3768,477417.17,726.671,5185289,18.206,37.9,36085.843,2.61,,15.322,82.29,0.931,Oceania / Aus
NIC,1/28/2024,Nicaragua,16116,245,2319.385,35.26,6948395,51.667,27.3,5321.444,0.9,,5.445,74.48,0.66,Central America
NER,7/2/2023,Niger,9515,315,363.057,12.019,26207982,16.955,15.1,926,0.3,,2.553,62.42,0.394,West Africa
NGA,10/29/2023,Nigeria,267173,3155,1222.529,14.437,218541216,209.588,18.1,5338.454,,,2.751,54.69,0.539,West Africa
NIU,12/31/2023,Niue,993,0,508709.016,0,1952,,,,,,,73.71,,Oceania / Aus
MKD,1/28/2024,North Macedonia,350499,9968,167414.022,4761.163,2093606,82.6,39.1,13111.214,4.28,,13.26,75.8,0.774,Eastern Europe
MNP,12/31/2023,Northern Mariana Islands,14341,41,289284.706,827.046,49574,119.878,,,,,,76.74,,Oceania / Aus
NOR,1/28/2024,Norway,1506086,5732,277143.21,1054.777,5434324,14.462,39.7,64800.057,3.6,,16.821,82.4,0.957,Western Europe
OMN,1/29/2023,Oman,399449,4628,87286.454,1011.297,4576300,14.98,30.7,37960.709,1.6,,2.355,77.86,0.813,West Asia
PAK,4/30/2023,Pakistan,1580631,30656,6702.563,129.995,235824864,255.573,23.5,5034.708,0.6,,4.495,67.27,0.557,South Asia
PLW,12/17/2023,Palau,6265,9,346438.841,497.678,18084,47.237,,13240.405,4.8,,,73.7,0.826,Oceania / Aus
PSE,12/11/2022,Palestine,703228,5708,133946.251,1087.222,5250076,778.202,20.4,4449.898,,,3.043,74.05,0.708,West Asia
PAN,12/31/2023,Panama,1042567,8654,236485.791,1962.989,4408582,55.133,29.7,22267.037,2.3,,7.918,78.51,0.815,Central America
PNG,5/14/2023,Papua New Guinea,46864,670,4620.5,66.058,10142625,18.22,22.6,3823.194,,,3.808,64.5,0.555,Oceania / Aus
PRY,12/31/2023,Paraguay,736275,19956,108583.201,2943.039,6780745,17.144,26.5,8827.01,1.3,,6.378,74.25,0.728,South America
PER,12/31/2023,Peru,4536733,221583,133238.998,6507.656,34049588,25.129,29.1,12236.706,1.6,,7.151,76.74,0.777,South America
PHL,1/21/2024,Philippines,4140383,66864,35829.167,578.613,115559008,351.873,25.2,7599.188,1,,4.803,71.23,0.718,East Asia
PCN,7/24/2022,Pitcairn,4,0,85106.383,0,47,,,,,,,,,Oceania / Aus
POL,1/28/2024,Poland,6653365,120577,166930.3,3025.229,39857144,124.027,41.8,27216.445,6.62,,16.763,78.73,0.88,Eastern Europe
PRT,1/28/2024,Portugal,5641992,28079,549320.471,2733.852,10270857,112.371,46.2,27936.896,3.39,,21.502,82.05,0.864,Western Europe
PRI,6/4/2023,Puerto Rico,1252713,5938,385164.303,1825.722,3252412,376.232,38.2,35044.67,,,15.168,80.1,,Caribbean
QAT,6/25/2023,Qatar,514524,690,190908.716,256.017,2695131,227.322,31.9,116935.6,1.2,,1.307,80.23,0.848,West Asia
REU,2/5/2023,Reunion,494595,921,507765.419,945.525,974062,,36,,,,,80.48,,East Africa
ROU,1/28/2024,Romania,3519108,68676,179005.019,3493.314,19659270,85.129,43,23313.199,6.892,,17.85,76.05,0.828,Eastern Europe
RUS,1/28/2024,Russia,23774451,401884,164286.552,2777.105,144713312,8.823,39.6,24765.954,8.05,,14.178,72.58,0.824,Eastern Europe
RWA,11/19/2023,Rwanda,133208,1468,9669.078,106.557,13776702,494.869,20.3,1854.211,,,2.974,69.02,0.543,Central Africa
BLM,6/25/2023,Saint Barthelemy,5507,5,500909.587,454.794,10994,,,,,,,,,Caribbean
SHN,11/27/2022,Saint Helena,2166,0,401036.845,0,5401,,,,,,,80.56,,Southern Africa
KNA,7/2/2023,Saint Kitts and Nevis,6607,46,138566.725,964.745,47681,212.865,,24654.385,2.3,,,76.23,0.779,Caribbean
LCA,1/28/2024,Saint Lucia,30215,410,167980.564,2279.399,179872,293.187,34.9,12951.839,1.3,,9.721,76.2,0.759,Caribbean
MAF,6/25/2023,Saint Martin (French part),12324,46,387352.276,1445.813,31816,590.533,,,,,,82.08,,Caribbean
SPM,3/26/2023,Saint Pierre and Miquelon,3426,2,582158.029,339.847,5885,,,,,,,81.07,,North America
VCT,9/24/2023,Saint Vincent and the Grenadines,9674,124,93055.916,1192.778,103959,281.787,31.8,10727.146,2.6,,7.724,72.53,0.738,Caribbean
WSM,11/26/2023,Samoa,16962,31,76271.415,139.395,222390,69.413,22,6021.557,,,5.606,73.32,0.715,Oceania / Aus
SMR,11/26/2023,San Marino,25292,126,750727.219,3739.982,33690,556.667,,56861.47,3.8,,,84.97,,Western Europe
STP,12/24/2023,Sao Tome and Principe,6734,80,29613.928,351.814,227393,212.841,18.7,3052.714,2.9,,2.886,70.39,0.625,Central Africa
SAU,5/7/2023,Saudi Arabia,841469,9646,23111.678,264.936,36408824,15.322,31.9,49045.411,2.7,,3.295,75.13,0.854,West Asia
SEN,12/17/2023,Senegal,89050,1971,5142.508,113.822,17316452,82.328,18.7,2470.58,,,3.008,67.94,0.512,West Africa
SRB,11/26/2023,Serbia,2583470,18057,375966.285,2627.793,6871547,80.291,41.2,14048.881,5.609,,17.366,76,0.806,Eastern Europe
SYC,12/3/2023,Seychelles,51220,172,478088.393,1605.451,107135,208.354,36.2,26382.287,3.6,,8.606,73.4,0.796,East Africa
SLE,12/24/2023,Sierra Leone,7779,125,903.933,14.525,8605723,104.7,19.1,1390.3,,,2.538,54.7,0.452,West Africa
SGP,2/4/2024,Singapore,2994295,1954,531183.841,346.637,5637022,7915.731,42.4,85535.383,2.4,,12.922,83.62,0.938,East Asia
SXM,6/4/2023,Sint Maarten (Dutch part),11051,92,250067.886,2081.825,44192,1209.088,,36327.232,,,,78.95,,Western Europe
SVK,1/28/2024,Slovakia,1877065,21218,332609.191,3759.754,5643455,113.128,41.2,30155.152,5.82,,15.07,77.54,0.86,Eastern Europe
SVN,1/28/2024,Slovenia,1355444,9957,639407.73,4697.046,2119843,102.619,44.5,31400.84,4.5,,19.062,81.32,0.917,Eastern Europe
SLB,10/8/2023,Solomon Islands,25954,199,35834.604,274.759,724272,21.841,20.8,2205.923,1.4,,3.507,73,0.567,Oceania / Aus
SOM,3/5/2023,Somalia,27334,1361,1553.288,77.34,17597508,23.5,16.8,,0.9,,2.731,57.4,,East Africa
ZAF,12/3/2023,South Africa,4072636,102595,67997.527,1712.946,59893884,46.754,27.3,12294.876,2.32,,5.344,64.13,0.709,Southern Africa
KOR,9/10/2023,South Korea,34571873,35934,667207.062,693.495,51815808,527.967,43.4,35938.374,12.27,,13.914,83.03,0.916,East Asia
SSD,12/3/2023,South Sudan,18819,147,1724.43,13.47,10913172,,19.2,1569.888,,,3.441,57.85,0.433,East Africa
ESP,7/2/2023,Spain,13980340,121852,293960.095,2562.143,47558632,93.105,45.5,34272.36,2.97,,19.436,83.56,0.904,Western Europe
LKA,2/4/2024,Sri Lanka,672745,16896,30814.418,773.905,21832150,341.955,34.1,11669.077,3.6,,10.069,76.98,0.782,South Asia
SDN,4/16/2023,Sudan,63993,5046,1365.207,107.65,46874200,23.258,19.7,4466.507,0.8,,3.548,65.31,0.51,East Africa
SUR,7/9/2023,Suriname,82506,1404,133494.918,2271.676,618046,3.612,29.6,13767.119,3.1,,6.933,71.68,0.738,South America
SWE,1/28/2024,Sweden,2749793,27053,260659.971,2564.424,10549349,24.718,41,46949.283,2.22,,19.985,82.8,0.945,Western Europe
CHE,1/28/2024,Switzerland,4450977,14178,509237.66,1622.109,8740471,214.243,43.1,57410.166,4.53,,18.436,83.78,0.955,Western Europe
SYR,12/18/2022,Syria,57423,3163,2595.361,142.959,22125242,,21.7,,1.5,,,72.7,0.567,West Asia
TJK,2/20/2022,Tajikistan,17786,125,1787.037,12.559,9952789,64.281,23.3,2896.913,4.8,93.23,3.466,71.1,0.668,Central Asia
TZA,12/10/2023,Tanzania,43223,846,659.916,12.916,65497752,64.699,17.7,2683.304,0.7,,3.108,65.46,0.529,East Africa
THA,2/4/2024,Thailand,4765718,34555,66470.235,481.959,71697024,135.132,40.1,16277.671,2.1,,11.373,77.15,0.777,East Asia
TLS,7/16/2023,Timor,23460,138,17490.52,102.885,1341298,87.176,18,6570.102,5.9,,3.556,69.5,0.606,East Asia
TGO,10/22/2023,Togo,39527,290,4466.984,32.773,8848700,143.366,19.4,1429.813,0.7,,2.839,61.04,0.515,West Africa
TKL,7/16/2023,Tokelau,80,0,42260.961,0,1893,,,,,,,81.86,,Oceania / Aus
TON,1/7/2024,Tonga,16950,12,158608.364,112.289,106867,150.028,22.3,5425.621,2.6,,5.82,70.91,0.725,Oceania / Aus
TTO,5/7/2023,Trinidad and Tobago,191496,4390,125075.52,2867.326,1531043,266.886,36.2,28763.071,3,,10.014,73.51,0.796,Caribbean
TUN,6/11/2023,Tunisia,1153361,29423,93343.329,2381.25,12356116,74.228,32.7,10849.297,2.3,,8.001,76.7,0.74,North Africa
TUR,11/13/2022,Turkey,17004677,101419,199255.078,1188.394,85341248,104.914,31.6,25129.341,2.81,,8.153,77.69,0.82,West Asia
TCA,12/31/2023,Turks and Caicos Islands,6713,40,146809.255,874.776,45726,37.312,,,,,,80.22,,Caribbean
TUV,6/18/2023,Tuvalu,2943,1,259638.288,88.222,11335,373.067,,3575.104,,,,67.57,,Oceania / Aus
UGA,1/14/2024,Uganda,171890,3632,3637.915,76.868,47249588,213.759,16.4,1697.707,0.5,,2.168,63.37,0.544,East Africa
UKR,1/14/2024,Ukraine,5521032,109918,139062.707,2768.594,39701744,77.39,41.4,7894.393,8.8,,16.462,72.06,0.779,Eastern Europe
ARE,5/28/2023,United Arab Emirates,1067030,2349,113019.214,248.805,9441138,112.442,34,67293.483,1.2,,1.144,77.97,0.89,West Asia
GBR,1/28/2024,United Kingdom,24892903,232112,368734.933,3438.241,67508936,272.898,40.8,39753.244,2.54,,18.517,81.32,0.932,Western Europe
USA,5/14/2023,United States,103436829,1127152,305763.91,3331.912,338289856,35.608,38.3,54225.446,2.77,,15.413,78.86,0.926,North America
VIR,7/30/2023,United States Virgin Islands,25389,132,255219.695,1326.913,99479,306.48,42.2,,,,18.601,80.58,,Caribbean
URY,12/10/2023,Uruguay,1041111,7660,304169.749,2237.936,3422796,19.751,35.6,20551.409,2.8,,14.655,77.91,0.817,South America
UZB,12/10/2023,Uzbekistan,175081,1016,5056.104,29.341,34627648,76.134,28.2,6253.104,4,,4.469,71.72,0.72,Central Asia
VUT,6/4/2023,Vanuatu,12019,14,36784.149,42.847,326744,22.662,23.1,2921.909,,,4.394,70.47,0.609,Oceania / Aus
VAT,10/18/2020,Vatican,26,0,32178.218,0,808,,,,,,,75.12,,Western Europe
VEN,5/7/2023,Venezuela,552695,5856,19528.686,206.913,28301700,36.253,29,16745.022,0.8,,6.614,72.06,0.711,South America
VNM,10/22/2023,Vietnam,11624000,43206,118386.518,440.039,98186856,308.127,32.6,6171.884,2.6,,7.15,75.4,0.704,East Asia
WLF,6/4/2023,Wallis and Futuna,3550,8,306140.048,689.893,11596,,,,,,,79.94,,Oceania / Aus
YEM,11/6/2022,Yemen,11945,2159,354.487,64.072,33696612,53.508,20.3,1479.147,0.7,,2.922,66.12,0.47,West Asia
ZMB,12/3/2023,Zambia,349304,4069,17449.783,203.27,20017670,22.995,17.7,3689.251,2,,2.48,63.89,0.584,Southern Africa
ZWE,1/28/2024,Zimbabwe,266265,5737,16314.719,351.52,16320539,42.729,19.6,1899.775,1.7,,2.822,61.49,0.571,Southern Africa
